publisher_name,donor_code,donornameE,agency_code,crs_agency_name,loc_agency_acronym,agencynameE,total_usd_disbursement,usd_extended_defl,Status
NA,1012,Adaptation Fund,1,NULL,NULL,NULL,13.214325,NA,non-iati
African Development Bank,913,African Development Bank [AfDB],1,AfDB Ordinary Capital,NULL,NULL,3169.203409,NA,checked
African Development Bank,913,African Development Bank [AfDB],11,NULL,NULL,NULL,11.0089739,NA,checked
African Development Bank,913,African Development Bank [AfDB],12,NULL,NULL,NULL,0,NA,checked
African Development Bank,913,African Development Bank [AfDB],14,NULL,NULL,NULL,0.383814,NA,checked
African Development Bank,913,African Development Bank [AfDB],15,NULL,NULL,NULL,1.08706111,NA,checked
African Development Bank,913,African Development Bank [AfDB],16,NULL,NULL,NULL,0.68590174,NA,checked
African Development Bank,914,African Development Fund [AfDF],1,AfDF,NULL,NULL,1842.907007,NA,checked
African Development Bank,914,African Development Fund [AfDF],2,NTF,NULL,NULL,4.96108,NA,checked
African Development Bank,914,African Development Fund [AfDF],13,NULL,NULL,NULL,162.3703053,NA,checked
NA,953,Arab Bank for Economic Development in Africa [BADEA],1,BADEA,NULL,NULL,125.9871221,NA,non-iati
NA,921,Arab Fund [AFESD],1,AFESD,NULL,NULL,884.8934924,NA,non-iati
NA,916,AsDB Special Funds,1,AsDF,NULL,NULL,2663.220698,NA,non-iati
NA,916,AsDB Special Funds,2,APDRF,NULL,NULL,0.2,NA,non-iati
NA,916,AsDB Special Funds,3,CCF,NULL,NULL,11.53769143,NA,non-iati
NA,916,AsDB Special Funds,11,NULL,NULL,NULL,119.7467889,NA,non-iati
NA,916,AsDB Special Funds,12,RCIFPF,NULL,NULL,2.85818639,NA,non-iati
NA,916,AsDB Special Funds,13,FSDPSF,NULL,NULL,0.017214816,NA,non-iati
NA,915,Asian Development Bank [AsDB],1,AsDB,NULL,NULL,7600.471115,NA,non-iati
NA,801,Australia,2,AG,AG,Attorney-General,3.87036492,NA,non-iati
Australia - Department of Foreign Affairs and Trade,801,Australia,5,Aus Gov,Aus Gov,Australian government,3287.25748,846.557983,multilateral_added
NA,801,Australia,99,MISC,MISC,Miscellaneous,375.0069533,99.56727274,non-iati
NA,1,Austria,1,BMF,BMF,Federal Ministry of Finance,293.3205085,557.0324846,non-iati
NA,1,Austria,2,MIN,MIN,Various ministries,0.759516087,4.708761638,non-iati
NA,1,Austria,5,BMeiA,BMeiA,Federal Ministry for European and International Affairs,23.25734885,NA,non-iati
NA,1,Austria,6,Reg,Reg,"Provincial governments, local communities",54.14853495,NA,non-iati
NA,1,Austria,7,BKA,BKA,Federal Chancellery,0.19822246,0.143718884,non-iati
NA,1,Austria,8,ADA,ADA,Austrian Development Agency,116.6889341,NA,non-iati
NA,1,Austria,10,BMLFUW,BMLFUW,Ministry for Agriculture and Environment,11.7821985,NA,non-iati
NA,1,Austria,11,BMLVS,BMLV,Ministry of Defense,7.53454664,NA,non-iati
NA,1,Austria,12,INT,BMI,Ministry of Interior,67.8712252,0.86884598,non-iati
NA,1,Austria,13,OeEB,OeEB,Austrian Development Bank,25.23133984,NA,non-iati
NA,1,Austria,15,BMWFW,BMWF,Ministry for Science and Research,106.3524385,NA,non-iati
NA,1,Austria,16,BMBF,NULL,NULL,25.7090048,NA,non-iati
NA,1,Austria,99,MISC,MISC,Miscellaneous,7.74004167,NA,non-iati
Belgian Development Cooperation,2,Belgium,10,DGCD,DGCD,Directorate General for Co-operation and Development,872.0695728,720.6343091,checked
NA,2,Belgium,20,SPAE,SPAE,Official Federal Service of Foreign Affaires (excl. DGCD),125.1568846,17.24676437,non-iati
NA,2,Belgium,22,BIO,NULL,NULL,168.6626378,NA,non-iati
NA,2,Belgium,30,SPFF,SPFF,Official Federal Service of Finance,3.3205552,375.7343211,non-iati
NA,2,Belgium,31,OND,OND,Ducroire National Office,7.6423,NA,non-iati
NA,2,Belgium,39,ASPF,ASPF,Other Official Federal Services,245.1168126,0.430615028,non-iati
NA,2,Belgium,60,LOC,LOC,provinces/municipalities,14.21731204,NA,non-iati
NA,2,Belgium,70,MPRF,MPRF,Flanders Official Regional Ministries,72.66898625,3.216300224,non-iati
NA,2,Belgium,80,MPRW,MPRW,Walloon Official Regional Ministries,27.6660309,4.926739639,non-iati
NA,2,Belgium,94,MPRG,MPRG,German speaking Official Regional Ministries,0.2077614,NA,non-iati
Bill & Melinda Gates Foundation,1601,Bill & Melinda Gates Foundation,1,BMGF,Bill & Melinda Gates Foundation,NULL,2667.860798,NA,checked
Canada - International Development Research Center / Centre de recherches pour le d’©veloppement international,301,Canada,2,IDRC,IDRC,International Development Research Centre,193.4038145,NA,checked
Canada - Global Affairs Canada / Affaires mondiales Canada,301,Canada,3,DFATD,DFATD,"Department of Foreign Affairs, Trade and Development",2495.862096,517.5801815,multilateral_added
Canada Department of Finance,301,Canada,4,FIN,FIN,Department of Finance Canada,190.09723,469.8968177,checked
NA,301,Canada,8,RCMP,RCMP,Royal Canadian Mounted Police of Canada,23.5692595,NA,non-iati
NA,301,Canada,9,GOV,GOV,Provincial Governments and municipalities,142.6101859,5.926987316,non-iati
NA,301,Canada,31,EDC,EDC,Export Development Canada,3670.19614,NA,non-iati
NA,301,Canada,99,MISC,MISC,Miscellaneous,278.0876881,19.91634173,non-iati
Climate Investment Funds,1011,Climate Investment Funds [CIF],10,CTF,NULL,NULL,374.9701641,NA,checked
Climate Investment Funds,1011,Climate Investment Funds [CIF],20,SCF,NULL,NULL,31.49965382,NA,checked
NA,1011,Climate Investment Funds [CIF],21,SCF - FIP,NULL,NULL,NULL,NA,non-iati
NA,1011,Climate Investment Funds [CIF],22,SCF - PPCR,NULL,NULL,NULL,NA,non-iati
NA,1011,Climate Investment Funds [CIF],23,SCF - SREP,NULL,NULL,NULL,NA,non-iati
NA,1013,Council of Europe Development Bank [CEB],1,NULL,NULL,NULL,362.5608386,NA,non-iati
NA,68,Czech Republic,1,CZDA,CZDA,Czech Development Agency,20.94932529,NA,non-iati
NA,68,Czech Republic,2,MFA,MFA,Ministry of Foreign Affairs,18.51959589,9.606319808,non-iati
NA,68,Czech Republic,3,FIN,MOF,Ministry of Finance,0.12524368,139.6597971,non-iati
NA,68,Czech Republic,4,M’Ç_MT,MEYS,"Miinistry of Education, Youth, Sports",4.5921139,NA,non-iati
NA,68,Czech Republic,5,INT,MOI,Ministry of the Interior,13.28794597,NA,non-iati
NA,68,Czech Republic,7,DEF,MD,Ministry of Defence,2.918802,NA,non-iati
NA,68,Czech Republic,8,MoH,MH,Ministry of Health,0.0511442,NA,non-iati
NA,68,Czech Republic,9,MIT,MIT,Ministry of Industry and Trade,0.2717149,0.0121,non-iati
NA,68,Czech Republic,10,CNB,CNB,Czech National Bank,0.0346035,NA,non-iati
NA,68,Czech Republic,11,JUSTICE,MJ,Ministry of Justice,0.310081,NA,non-iati
NA,68,Czech Republic,13,NULL,Universities,Universities,0.619410734,NA,non-iati
NA,68,Czech Republic,14,GOV,Regional Governments and Municipalities,Regional Governments and Municipalities,0.36516351,NA,non-iati
NA,68,Czech Republic,15,ENV,MOE,Ministry of Environment,0.4016935,5.390454786,non-iati
NA,68,Czech Republic,16,S’‘_JB,SUJB,State Office for Nuclear Saftey,0.1204364,NA,non-iati
NA,68,Czech Republic,19,AGRI,NULL,NULL,0.00688437,NA,non-iati
Denmark - Danida - Danish Ministry of Foreigh Affairs,3,Denmark,1,MFA,MFA,Ministry of Foreign Affairs,1968.023263,864.7253751,checked
NA,3,Denmark,3,IFU,NULL,NULL,95.33163276,NA,non-iati
NA,3,Denmark,4,NULL,NULL,NULL,259.513869,NA,non-iati
NA,3,Denmark,99,MISC,MISC,Miscellaneous,NULL,NA,non-iati
NA,82,Estonia,1,MFA,NULL,NULL,13.76011894,NA,non-iati
NA,82,Estonia,2,NULL,NULL,NULL,1.21003028,NA,non-iati
NA,82,Estonia,3,NULL,NULL,NULL,0.03184293,NA,non-iati
NA,918,EU Institutions,1,CEC,CEC,Commission of the European Communities,9329.166219,41.51827812,non-iati
NA,918,EU Institutions,2,EDF,EDF,European Development Fund,4199.336182,19.72279918,non-iati
European Investment Bank,918,EU Institutions,3,EIB,EIB,European Investment Bank,5793.387266,NA,checked
NA,990,European Bank for Reconstruction and Development [EBRD],1,EBRD,NULL,NULL,4823.35963,NA,non-iati
NA,18,Finland,1,FG,FG,Finnish Government,17.98839285,145.1828558,non-iati
NA,18,Finland,2,FF,FF,FinnFund,106.9407536,NA,non-iati
Finland - Ministry of Foreign Affairs,18,Finland,3,MFA,MFA,Ministry of Foreign Affairs,863.605643,543.2939257,checked
Agence Française de D_veloppement,4,France,3,AFD,AFD,French Development Agency,5007.763471,353.1815648,checked
France - Ministry of Foreign Affairs and International Development,4,France,8,COOP DECENTRAL,COOP DECENTRALISEE,COOP DECENTRALISED,955.8127879,1415.658626,checked
NA,4,France,10,MINEFI,MINEFI,"Ministry of Economy, Finance and Industry",547.1983634,943.4054557,non-iati
NA,4,France,12,INT,Int’‘Î©rieur,Ministry of Interior,529.3000912,NA,non-iati
NA,4,France,13,AGRI,AGRI,Ministry of Agriculture,11.95002413,NA,non-iati
NA,4,France,14,DEF,DEF,Ministry of Defense,35.0759015,NA,non-iati
NA,4,France,15,InterMin,INTER,Inter-ministerial,14.37972518,NA,non-iati
NA,4,France,17,MEN,MESR,Ministry of Higher education and Research,1431.087679,NA,non-iati
NA,4,France,22,Proparco,NULL,NULL,977.62443,NA,non-iati
NA,4,France,30,MIN/EQUIPEMENT,NULL,NULL,18.0339938,NA,non-iati
NA,4,France,37,MIN/TRAVAIL,MIN/TRAVAIL,MIN/TRAVAIL,3.38065879,NA,non-iati
NA,4,France,99,MISC,MISC,Miscellaneous,98.52327936,NA,checked
Germany - Ministry for Economic Cooperation and Development,5,Germany,1,BMZ,BMZ,Bundesministerium Wirtschaftliche Zusammenarbeit und Entwicklung,6733.865787,4542.299374,multilateral_added
Germany - Ministry for Economic Cooperation and Development,5,Germany,2,KFW,KFW,Kreditanstalt Wiederaufbau,3857.691594,NA,checked
NA,5,Germany,4,DEG,DEG,German Investment and Development Company,1517.596688,NA,non-iati
NA,5,Germany,5,BMF,BMF,Federal Ministry of Finance,5.02097171,2.650910098,non-iati
NA,5,Germany,7,F O,F O,Foreign Office,1383.10682,172.6853794,non-iati
NA,5,Germany,9,BMU,BMU,"Federal Ministry for the Env., Nature Conservation and Nuclear Safety",317.8691882,80.0084268,non-iati
NA,5,Germany,12,L G,L G,Federal States and Local Governments,1152.961115,NA,non-iati
NA,5,Germany,34,Euler Hermes,Euler Hermes,Euler Hermes Kreditversicherungs-AG,839.63764,NA,non-iati
NA,5,Germany,60,INT,BMI,Federal Ministry of the Interior,19.15039512,3.508144275,non-iati
NA,5,Germany,61,BMVJ,BMVJ,Federal Ministry of Justice and Consumer Protection,5.4969703,0.0364,non-iati
NA,5,Germany,62,BMWi,BMWi,Federal Ministry for Economic Affairs and Energy,6.8430229,19.87108678,non-iati
NA,5,Germany,63,BMEL,BMEL,Federal Ministry of Food and Agriculture,23.2402608,18.08478839,non-iati
NA,5,Germany,64,BMVg,BMVg,Federal Ministry of Defence,3.34373717,NA,non-iati
NA,5,Germany,65,BMFSFJ,BMFSFJ,"Federal Ministry of Family Affairs, Senior Citizens, Women and Youth",2.65358,NA,non-iati
NA,5,Germany,66,BMG,BMG,Federal Ministry of Health,0.3599827,25.47975588,non-iati
NA,5,Germany,67,BMVI,BMVI,Federal Ministry of Transport and Digital Infrastructure,0.28030674,0.214271868,non-iati
NA,5,Germany,68,BMBF,BMBF,Federal Ministry of Education and Research,152.0832182,NA,non-iati
NA,5,Germany,69,BKM,BKM,Federal Government Commissioner for Culture and the Media,211.814772,NA,non-iati
NA,5,Germany,70,Bundestag,Bundestag,German Bundestag,0.78367027,NA,non-iati
NA,5,Germany,71,BMAS,BMAS,Federal Ministry of Labour and Social Affairs,1.08797,17.48903872,non-iati
NA,5,Germany,80,Schleswig-Holstein,Schleswig-Holstein,Federal State of Schleswig-Holstein,1.89253708,NA,non-iati
NA,5,Germany,81,Hamburg,Hamburg,City State of Hamburg,5.24411538,NA,non-iati
NA,5,Germany,82,Niedersachsen,Niedersachsen,Federal State of Lower-Saxony,0.91363564,NA,non-iati
NA,5,Germany,83,Bremen,Bremen,City State of Bremen,0.83160183,NA,non-iati
NA,5,Germany,84,Nordrhein-Westfalen,Nordrhein-Westfalen,Federal State of North Rhine-Westphalia,11.2490241,NA,non-iati
NA,5,Germany,85,Hessen,Hessen,Federal State of Hesse,3.12845318,NA,non-iati
NA,5,Germany,86,Rheinland-Pfalz,Rheinland-Pfalz,Federal State of Rhineland-Palatinate,2.18594534,NA,non-iati
NA,5,Germany,87,Badentemberg,Badenttemberg,Federal State of Badenemberg,3.68202903,NA,non-iati
NA,5,Germany,88,Bayern,Bayern,Federal State of Bavaria,3.90248768,NA,non-iati
NA,5,Germany,89,Saarland,Saarland,Federal State of Saarland,0.37762131,NA,non-iati
NA,5,Germany,90,Berlin,Berlin,City State of Berlin,1.0664371,NA,non-iati
NA,5,Germany,91,Brandenburg,Brandenburg,Federal State of Brandenburg,0.24579069,NA,non-iati
NA,5,Germany,92,Mecklenburg-Vorpommern,Mecklenburg-Vorpommern,Federal State of Mecklenburg-West Pomerania,0.34644377,NA,non-iati
NA,5,Germany,93,Sachsen-Anhalt,Sachsen-Anhalt,Federal State of Saxony-Anhalt,0.26764095,NA,non-iati
NA,5,Germany,94,Sachsen,Sachsen,Federal State of Saxony,0.14986313,NA,non-iati
NA,5,Germany,95,Thingen,Thingen,Federal State of Thuringia,0.10811988,NA,non-iati
GAVI Alliance,1311,Global Alliance for Vaccines and Immunization [GAVI],1,GAVI,NULL,NULL,1414.73055,NA,checked
NA,811,Global Environment Facility [GEF],1,GEF,NULL,NULL,601.1596086,NA,non-iati
NA,811,Global Environment Facility [GEF],11,NULL,NULL,NULL,NULL,NA,non-iati
NA,811,Global Environment Facility [GEF],12,LDCF,NULL,NULL,3.3853476,NA,non-iati
NA,811,Global Environment Facility [GEF],13,SCCF,NULL,NULL,1.11712568,NA,non-iati
NA,1312,Global Fund,1,Global Fund,NULL,NULL,2887.143658,NA,non-iati
NA,1313,Global Green Growth Institute [GGGI],1,NULL,NULL,NULL,15.5247649,NA,non-iati
NA,40,Greece,3,MFA,MFA,Ministry of Foreign Affairs,3.951593568,13.18369096,non-iati
NA,40,Greece,4,MND,MND,Ministry of National Defense,0.492205,0.0184,non-iati
NA,40,Greece,5,MDCS,MDCS,"Ministry of Development, Competitiveness & Shipping",0.0166155,1.754214191,non-iati
NA,40,Greece,6,MEECC,MEECC,"Ministry of the Environment, Energy & Climate Change",0.2530362,0.427763384,non-iati
NA,40,Greece,7,MELLLR,MELLLR,"Ministry of Education, Life Long Learning & Religions",11.59563296,0.00407,non-iati
NA,40,Greece,9,MESS,MESS,Ministry of Employment & Social Security,4.24732846,NA,non-iati
NA,40,Greece,10,MHSS,MHSS,Ministry of Health & Social Solidarity,17.1065241,2.331785123,non-iati
NA,40,Greece,11,MADF,MADF,Ministry of Agricultural Development & Food,0.60405364,2.160119626,non-iati
NA,40,Greece,13,MCP,MCP,Ministry of Citizen Protection,0.105895678,0.0244,non-iati
NA,40,Greece,14,MCT,MCT,Ministry of Culture & Tourism,0.44864,0.016217348,non-iati
NA,40,Greece,99,MISC,MISC,Miscellaneous,7.276033887,0.312451995,non-iati
NA,75,Hungary,1,MNE,NULL,NULL,0.0853435,NA,non-iati
NA,75,Hungary,2,MinTrade,NULL,NULL,2.902601875,NA,non-iati
NA,75,Hungary,3,BIN,NULL,NULL,10.41288659,NA,non-iati
NA,75,Hungary,4,INT,NULL,NULL,0.140177042,NA,non-iati
NA,75,Hungary,5,MCH,NULL,NULL,7.18320105,NA,non-iati
NA,75,Hungary,6,DEF,NULL,NULL,0.06976388,NA,non-iati
NA,75,Hungary,7,AGRI,NULL,NULL,0.38631758,NA,non-iati
NA,75,Hungary,21,NULL,NULL,NULL,6,NA,non-iati
NA,75,Hungary,22,EXIM,NULL,NULL,2.5093871,NA,non-iati
NA,75,Hungary,99,MISC,NULL,NULL,0.40816987,NA,non-iati
NA,20,Iceland,1,MFA,MFA,Ministry of Foreign Affairs,15.98756149,5.926270473,non-iati
NA,20,Iceland,2,ICEIDA,ICEIDA,ICEIDA,13.6652721,NA,non-iati
NA,20,Iceland,3,ICRU,ICRU,ICRU,1.285745,0.130162549,non-iati
NA,912,IDB Special Fund,1,FSO,NULL,NULL,64.048291,NA,non-iati
NA,912,IDB Special Fund,3,FSO-ORC,NULL,NULL,818.624264,NA,non-iati
NA,912,IDB Special Fund,4,ORC,NULL,NULL,770.600089,NA,non-iati
NA,912,IDB Special Fund,5,MIF,NULL,NULL,79.299655,NA,non-iati
NA,912,IDB Special Fund,6,GRF,NULL,NULL,205.821746,NA,non-iati
NA,988,IFAD,1,IFAD,NULL,NULL,NULL,NA,non-iati
NA,958,IMF (Concessional Trust Funds),1,NULL,NULL,NULL,832.08199,NA,non-iati
Inter-American Development Bank,909,Inter-American Development Bank [IDB],1,ORC,NULL,NULL,8774.085239,NA,checked
Inter-American Development Bank,909,Inter-American Development Bank [IDB],5,MIF,NULL,NULL,14.758015,NA,checked
NA,901,International Bank for Reconstruction and Development [IBRD],1,IBRD,NULL,NULL,15858.20922,NA,non-iati
NA,905,International Development Association [IDA],1,IDA,NULL,NULL,13759.27135,NA,non-iati
NA,903,International Finance Corporation [IFC],1,IFC,NULL,NULL,NULL,NA,non-iati
Ireland - Department of Foreign Affairs and Trade,21,Ireland,1,DFA,DFA,Department of Foreign Affairs,513.5612162,124.8582584,checked
NA,21,Ireland,3,DAFM,DAFM,"Department of Agriculture, Food and the Marine",1.8510951,14.27897245,non-iati
NA,21,Ireland,99,MISC,MISC,Miscellaneous,7.9769676,118.8135768,non-iati
NA,976,Islamic Development Bank [IsDB],1,IsDB,NULL,NULL,1762.587265,NA,non-iati
NA,6,Italy,4,DGCS,DGCS,Direzione Generale per la Cooperazione allo Sviluppo,365.5444964,116.5719187,non-iati
NA,6,Italy,7,CA,CA,Central administration,989.1389769,2512.009632,non-iati
NA,6,Italy,8,LA,LA,Local administration,15.91435766,NA,non-iati
NA,6,Italy,9,Art.,Art.,Artigiancassa,75.61297002,NA,non-iati
NA,6,Italy,10,NULL,NULL,NULL,93.41065429,NA,non-iati
NA,6,Italy,11,NULL,NULL,NULL,15.05868864,NA,non-iati
NA,701,Japan,1,MAFF,MAFF,"Ministry of Agriculture, Forestry and Fisheries",27.5189352,0.2288909,non-iati
Japan - Japan International Cooperation Agency (JICA),701,Japan,2,MOFA,MOFA,Ministry of Foreign Affairs,2755.511,899.8359321,checked
Japan - Japan International Cooperation Agency (JICA),701,Japan,8,JICA,JICA,Japanese International Co-operation Agency,9026.413779,0,checked
NA,701,Japan,10,JODC,JODC,Japan Overseas Development Co-operation,NULL,NA,non-iati
NA,701,Japan,11,JBIC,JBIC,Japan Bank for International Co-operation,NULL,NA,non-iati
NA,701,Japan,12,Oth. MIN,Oth. MIN,Other Ministries,637.773685,2571.456942,non-iati
NA,701,Japan,13,PC,PC,Public Corporations,2.66341659,1.249291107,non-iati
NA,701,Japan,14,PRF,PRF,Prefectures,2.696955765,NA,non-iati
NA,701,Japan,15,ODC,ODC,Ordinance-designed Cities,0.30613866,NA,non-iati
NA,613,Kazakhstan,1,MFA,NULL,NULL,5.2468587,NA,non-iati
NA,613,Kazakhstan,2,GOV,NULL,NULL,4.33612,NA,non-iati
NA,613,Kazakhstan,3,EDUC,NULL,NULL,11,NA,non-iati
NA,613,Kazakhstan,4,NULL,NULL,NULL,6.5,NA,non-iati
NA,742,Korea,1,MOSF,MOSF,Ministry of Strategy and Finance,19.530131,315.4354463,non-iati
NA,742,Korea,2,KEXIM,KEXIM,Export-Import Bank of Korea,7740.907525,NA,non-iati
NA,742,Korea,3,MOFAT,MOFAT,Ministry of Foreign Affairs and Trade,113.435438,67.78799318,non-iati
NA,742,Korea,4,KOICA,KOICA,Korea International Cooperation Agency,551.152917,NA,non-iati
NA,742,Korea,99,MISC,MISC,Miscellaneous,194.078442,57.67296831,non-iati
NA,552,Kuwait [KFAED],1,KFAED,Kuwait Fund for Arab Economic Development (KFAED),NULL,366.1675818,NA,non-iati
NA,552,Kuwait [KFAED],2,NULL,Government Grants administered by KFAED,NULL,183.7523683,NA,non-iati
"Lithuania, Ministry of Foreign Affairs",84,Lithuania,1,GOV,NULL,NULL,0.2242229,30.77180063,multilateral_added
"Lithuania, Ministry of Foreign Affairs",84,Lithuania,2,MFA,NULL,NULL,4.365380259,0.407354124,multilateral_added
"Lithuania, Ministry of Foreign Affairs",84,Lithuania,3,DEF,NULL,NULL,0.29071833,0.0639,multilateral_added
"Lithuania, Ministry of Foreign Affairs",84,Lithuania,4,ENV,NULL,NULL,0.4140943,1.081514509,multilateral_added
"Lithuania, Ministry of Foreign Affairs",84,Lithuania,5,FIN,NULL,NULL,0.1905673,5.901884184,multilateral_added
"Lithuania, Ministry of Foreign Affairs",84,Lithuania,6,ECON,NULL,NULL,0.039800763,0.253283707,multilateral_added
"Lithuania, Ministry of Foreign Affairs",84,Lithuania,7,EDUC,NULL,NULL,1.286452339,0.00891,multilateral_added
"Lithuania, Ministry of Foreign Affairs",84,Lithuania,8,NULL,NULL,NULL,0.00103755,0.303001928,multilateral_added
"Lithuania, Ministry of Foreign Affairs",84,Lithuania,10,MoH,NULL,NULL,0.0113848,0.085,multilateral_added
"Lithuania, Ministry of Foreign Affairs",84,Lithuania,11,AGRI,NULL,NULL,0.00648235,0.02298,multilateral_added
"Lithuania, Ministry of Foreign Affairs",84,Lithuania,12,INT,NULL,NULL,0.009473261,NA,checked
"Lithuania, Ministry of Foreign Affairs",84,Lithuania,13,NULL,NULL,NULL,0.01000969,NA,checked
"Lithuania, Ministry of Foreign Affairs",84,Lithuania,20,NULL,NULL,NULL,0.00818499,NA,checked
"Lithuania, Ministry of Foreign Affairs",84,Lithuania,30,NULL,NULL,NULL,0.02204086,NA,checked
NA,22,Luxembourg,2,MFA,MFA,Ministry of Foreign Affairs,304.5438943,122.1203348,non-iati
Netherlands - Ministry of Foreign Affairs,7,Netherlands,1,MFA,MFA,Ministry of Foreign Affairs (DGIS),4180.104554,1531.930095,checked
NA,7,Netherlands,33,NCM,Atradius,Atradius,NULL,NA,non-iati
NA,820,New Zealand,1,NZG,NZG,Ministry of Foreign Affairs and Trade,389.8157323,90.07482477,non-iati
NA,820,New Zealand,99,MISC,MISC,Miscellaneous,20.8741425,4.322547581,non-iati
NA,104,Nordic Development Fund [NDF],1,NDF,NULL,NULL,49.600566,NA,non-iati
Norad - Norwegian Agency for Development Cooperation,8,Norway,1,NORAD,NORAD,Norwegian Agency for Development Co-operation,848.197092,29.90191121,checked
Norad - Norwegian Agency for Development Cooperation,8,Norway,4,MFA,MFA,Ministry of Foreign Affairs,2908.857452,1242.510959,checked
NA,8,Norway,7,IN,IN,Innovation Norway,0.601565,NA,non-iati
NA,8,Norway,8,NORFUND,NORFUND,NORFUND,520.0596424,NA,non-iati
NA,8,Norway,9,FK,FK,FK Norway,34.08315167,NA,non-iati
NA,8,Norway,10,OAG,OAG,Office of the Auditor General,1.9912031,NA,non-iati
NA,8,Norway,11,DEF,DEF,Ministry of Defence,4.031213,NA,non-iati
NA,8,Norway,12,ENV,ENV,Ministry of Climate and Environment,116.351789,NA,non-iati
NA,8,Norway,99,MISC,MISC,Miscellaneous,NULL,NA,non-iati
The OPEC Fund for International Development (OFID),951,OPEC Fund for International Development [OFID],1,OFID,NULL,NULL,1148.289426,NA,checked
NA,978,OSCE,1,OSCE,NULL,NULL,130.509138,NA,non-iati
NA,76,Poland,1,MFA,MFA,Ministry of Foreign Affairs,30.11630798,69.52482603,non-iati
NA,76,Poland,2,MSHE,MSHE,Ministry of Science and Higher Education,27.24621838,NA,non-iati
NA,76,Poland,3,INT,MI,Ministry of the Interior,1.807899057,NA,non-iati
NA,76,Poland,4,MCNH,MCNH,Ministry of Culture and National Heritage,2.921231497,0.00111,non-iati
NA,76,Poland,5,FIN,MF,Ministry of Finance,38.342044,285.4352831,non-iati
NA,76,Poland,6,ENV,ME,Ministry of the Environment,0.403672,2.665746533,non-iati
NA,76,Poland,99,MISC,MISC,Miscellaneous,2.71450939,7.755548982,non-iati
NA,9,Portugal,1,GP,GP,Portuguese Government,259.4442334,182.2308566,non-iati
NA,9,Portugal,2,CICL,IPAD,Institute for Portuguese Development Aid,24.63296955,NA,non-iati
NA,9,Portugal,3,MUNIC,MUNIC,Municipalities,0.056803816,NA,non-iati
NA,9,Portugal,4,SOFID Society for Development Financ,SOFID Society for Development Financing,SOFID Sociedade para o Financiamento do Desenvolvimento,2.680112,NA,non-iati
NA,9,Portugal,99,MISC,MISC,Miscellaneous,6.48150041,NA,non-iati
Romania Ministry of Foreign Affairs,77,Romania,1,MFA,NULL,NULL,13.75804481,1.288134337,multilateral_added
Romania Ministry of Foreign Affairs,77,Romania,3,NULL,NULL,NULL,0.00522412,0.806837295,multilateral_added
Romania Ministry of Foreign Affairs,77,Romania,4,DEF,NULL,NULL,0.000895588,0.299074495,multilateral_added
Romania Ministry of Foreign Affairs,77,Romania,6,NULL,NULL,NULL,0.000852059,3.4475859,multilateral_added
Romania Ministry of Foreign Affairs,77,Romania,12,NULL,NULL,NULL,0.004046346,1.069605917,multilateral_added
Romania Ministry of Foreign Affairs,77,Romania,13,NULL,NULL,NULL,0.029828234,0.0445,multilateral_added
Romania Ministry of Foreign Affairs,77,Romania,14,JUSTICE,NULL,NULL,0.001055035,0.1120452,multilateral_added
Romania Ministry of Foreign Affairs,77,Romania,16,NULL,NULL,NULL,29.91294,0.561030339,multilateral_added
Romania Ministry of Foreign Affairs,77,Romania,18,NULL,NULL,NULL,0.000819432,135.4838512,multilateral_added
Romania Ministry of Foreign Affairs,77,Romania,20,INT,NULL,NULL,1.159223399,NA,checked
Romania Ministry of Foreign Affairs,77,Romania,21,AGRI,NULL,NULL,0.00741476,NA,checked
Romania Ministry of Foreign Affairs,77,Romania,22,MoH,NULL,NULL,0.6332049,NA,checked
Romania Ministry of Foreign Affairs,77,Romania,26,NULL,NULL,NULL,0.213053496,NA,checked
Romania Ministry of Foreign Affairs,77,Romania,28,EDUC,NULL,NULL,22.9847278,NA,checked
Romania Ministry of Foreign Affairs,77,Romania,29,NULL,NULL,NULL,0.0115247,NA,checked
Romania Ministry of Foreign Affairs,77,Romania,31,GOV,NULL,NULL,1.12161,NA,checked
NA,69,Slovak Republic,1,MZVaEZ,NULL,NULL,2.02069,NA,non-iati
NA,69,Slovak Republic,2,SAMRS,NULL,NULL,5.12262,NA,non-iati
NA,69,Slovak Republic,3,FIN,NULL,NULL,3.43108,NA,non-iati
NA,69,Slovak Republic,4,MSVVS,NULL,NULL,3.11798,NA,non-iati
NA,69,Slovak Republic,5,INT,NULL,NULL,2.57795,NA,non-iati
NA,69,Slovak Republic,18,NULL,NULL,NULL,0.09554,NA,non-iati
NA,61,Slovenia,1,FIN,FIN,Ministry of finance,1.356918502,NA,non-iati
NA,61,Slovenia,2,MFA,MFA,Ministry of foreign affairs,7.160688576,9.462811361,non-iati
NA,61,Slovenia,3,INT,INT,Ministry of interior,3.3426432,NA,non-iati
NA,61,Slovenia,4,DEF,DEF,Ministry of Defence,1.8574268,0.074539527,non-iati
NA,61,Slovenia,99,MISC,MISC,Misc.,6.494778719,NA,non-iati
NA,50,Spain,4,AGR,AGR,"Ministry of Agriculture, Fisheries, and Food",1.57651415,0.263908044,non-iati
Spain - Ministry of Foreign Affairs and Cooperation,50,Spain,5,MFA,MFA,Ministry of Foreign Affairs and Co-operation,99.97358878,98.19822356,checked
Spain - Ministry of Foreign Affairs and Cooperation,50,Spain,6,ECON,ECON,Ministry of Economy and Competitiveness,3.300621694,288.7401539,checked
Spain - Ministry of Foreign Affairs and Cooperation,50,Spain,7,EDUC,EDUC,"Ministry of Education, Culture and Sports",1.86893222,0.198953308,checked
Spain - Ministry of Foreign Affairs and Cooperation,50,Spain,8,MPW,MPW,Ministry of Public Works,0.531924156,0.165246335,checked
Spain - Ministry of Foreign Affairs and Cooperation,50,Spain,9,MIE,MIE,Ministry of Industry and Energy,0.381871998,0.455523495,checked
Spain - Ministry of Foreign Affairs and Cooperation,50,Spain,11,MOH,MOH,Ministry of Health,0.55756002,NA,checked
Spain - Ministry of Foreign Affairs and Cooperation,50,Spain,12,EMP,EMP,Ministry of Labour and Social Affairs,21.05235942,NA,checked
Spain - Ministry of Foreign Affairs and Cooperation,50,Spain,13,INT,INT,Ministry of Interior,1.06392367,NA,checked
Spain - Ministry of Foreign Affairs and Cooperation,50,Spain,14,MPA,MPA,Ministry of Public Administration,0.22110593,1024.39276,checked
Spain - Ministry of Foreign Affairs and Cooperation,50,Spain,15,AG,AG,Autonomous Governments,144.4746041,NA,checked
Spain - Ministry of Foreign Affairs and Cooperation,50,Spain,16,MUNIC,MUNIC,Municipalities,71.9153891,NA,checked
Spain - Ministry of Foreign Affairs and Cooperation,50,Spain,19,DEF,DEF,Ministry of Defence,14.89315198,NA,checked
Spain - Ministry of Foreign Affairs and Cooperation,50,Spain,20,UNIV,UNIV,Public Universities,13.29964226,NA,checked
Spain - Ministry of Foreign Affairs and Cooperation,50,Spain,21,AECID,AECID,Spanish Agency for International Development Co-operation,333.9554234,NA,checked
Spain - Ministry of Foreign Affairs and Cooperation,50,Spain,22,NULL,Oth. Min.,Others ministries,0.2122489,NA,checked
Sweden (Sida),10,Sweden,2,MFA,MFA,Ministry of Foreign Affairs,1324.268781,1921.848198,checked
Sweden (Sida),10,Sweden,6,Sida,Sida,Swedish International Development Authority,2936.426182,43.04418428,checked
NA,10,Sweden,11,ENV,NULL,NULL,3.0764672,NA,non-iati
NA,10,Sweden,20,NULL,NULL,NULL,25.69745223,NA,non-iati
NA,10,Sweden,21,NULL,NULL,NULL,4.11901,NA,non-iati
NA,10,Sweden,22,NULL,NULL,NULL,23.9037141,NA,non-iati
NA,10,Sweden,23,NULL,NULL,NULL,21.78990606,NA,non-iati
NA,10,Sweden,24,NULL,NULL,NULL,35.1361053,NA,non-iati
NA,10,Sweden,25,NULL,NULL,NULL,3.2799329,NA,non-iati
NA,10,Sweden,27,NULL,NULL,NULL,5.798129,NA,non-iati
NA,10,Sweden,28,NULL,NULL,NULL,1.902364,NA,non-iati
NA,10,Sweden,29,NULL,NULL,NULL,25.70708473,NA,non-iati
NA,10,Sweden,30,NULL,NULL,NULL,2.41421294,NA,non-iati
NA,10,Sweden,31,NULL,NULL,NULL,0.262394,NA,non-iati
NA,10,Sweden,32,NULL,NULL,NULL,0.2674967,NA,non-iati
NA,10,Sweden,36,SwedFund,NULL,NULL,50.6685434,NA,non-iati
NA,10,Sweden,37,NULL,NULL,NULL,0.40088,NA,non-iati
NA,10,Sweden,38,NULL,NULL,NULL,0.523477,NA,non-iati
NA,11,Switzerland,1,FA,FA,Federal Administration (various departments),568.3268806,65.50424199,non-iati
Switzerland - Swiss Agency for Development and Cooperation (SDC),11,Switzerland,4,SDC,SDC,Swiss Agency for Development and Co-operation,1655.410561,627.0667325,checked
NA,11,Switzerland,5,Seco,Seco,State Secretariat for Economic Affairs,477.3280391,4.13296442,non-iati
NA,11,Switzerland,6,DFA,DFA,Federal Department of Foreign Affairs,124.0955225,35.78585088,non-iati
NA,11,Switzerland,11,MUNIC,MUNIC,Municipalities,56.08825711,NA,non-iati
NA,923,UN Peacebuilding Fund [UNPBF],1,UNPBF,NULL,NULL,65.01090398,NA,non-iati
NA,971,UNAIDS,1,UNAIDS,NULL,NULL,238.6720169,NA,non-iati
NA,959,UNDP,1,UNDP,NULL,NULL,462.9682182,NA,non-iati
NA,948,UNECE,1,UNECE,NULL,NULL,14.008016,NA,non-iati
NA,974,UNFPA,1,UNFPA,NULL,NULL,340.0066301,NA,non-iati
NA,967,UNHCR,1,UNHCR,NULL,NULL,480.0821,NA,non-iati
NA,963,UNICEF,1,UNICEF,NULL,NULL,1342.399663,NA,non-iati
NA,576,United Arab Emirates,2,FIN,DOF,Abu Dhabi Department of Finance,3574.86109,NA,non-iati
NA,576,United Arab Emirates,3,ADFD,ADFD,Abu Dhabi Fund for Development,1394.61479,NA,non-iati
NA,576,United Arab Emirates,7,IHC,IHC,International Humanitarian City,10.77179,3.250080498,non-iati
NA,576,United Arab Emirates,8,MBZ,NULL,NULL,0.89554,NA,non-iati
NA,576,United Arab Emirates,9,MICAD,NULL,NULL,14.3447,NA,non-iati
NA,576,United Arab Emirates,17,KBZ,KZF,Khalifa Bin Zayed Al Nahyan Foundation,170.07831,NA,non-iati
NA,576,United Arab Emirates,18,MBR,MRHC,Mohammed Bin Rashid Al Maktoum Humanitarian and Charity Establishment,10.18256,NA,non-iati
NA,576,United Arab Emirates,19,ZBS,ZCHF,Zayed Bin Sultan Al Nahyan Charitable and Humanitarian Foundation,0.65264,NA,non-iati
NA,576,United Arab Emirates,22,RCA,RCA,UAE Red Crescent Authority,106.42612,NA,non-iati
NA,576,United Arab Emirates,25,GOV,OTHER,Other Government Entitites,257.55209,119.7139224,non-iati
NA,576,United Arab Emirates,99,MISC,MISC,Miscellaneous,24.48746,NA,non-iati
UK - Department for International Development (DFID),12,United Kingdom,1,DFID,DFID,Department for International Development,9809.236117,6495.308548,checked
CDC Group plc,12,United Kingdom,2,CDC,CDC,CDC Capital Partners PLC,608.350974,NA,checked
UK - Foreign & Commonwealth Office,12,United Kingdom,3,FCO,FCO,Foreign & Commonwealth Office,537.4224174,66.50448176,checked
UK - Department of Energy and Climate Change,12,United Kingdom,4,DECC,DECC,Department of Energy and Climate Change,125.0586536,178.723343,checked
UK - Department for International Development (DFID),12,United Kingdom,5,ECGD,ECGD,Export Credit Guarantee Department,5.321836563,NA,checked
UK - Home Office,12,United Kingdom,6,HO,HO,Home Office,221.9148,1.246654643,checked
"UK - Department for Environment, Food and Rural Affairs",12,United Kingdom,7,DEFRA,DEFRA,Department for Environment Food and Rural Affairs,77.24404124,16.24232066,checked
UK - Ministry of Defence,12,United Kingdom,8,MOD,MOD,Ministry of Defence,3.553683558,NA,checked
NA,12,United Kingdom,11,BIS,BIS,"Department for Business, Innovation and Skills",130.1062221,NA,non-iati
UK - Scottish Government,12,United Kingdom,21,SG,SG,Scottish Government,19.26845528,NA,checked
UK - Welsh Government's Wales for Africa Programme,12,United Kingdom,22,WAG,WAG,Welsh Assembly Government,1.6998646,NA,checked
NA,12,United Kingdom,99,MISC,MISC,Miscellaneous,412.8921453,745.813324,non-iati
United States,302,United States,1,AID,AID,Agency for International Development,17069.8156,1814.146022,checked
United States,302,United States,2,AGR,AGR,Department of Agriculture,306.0224,NA,checked
United States,302,United States,6,DTRE,DTRE,Department of Treasury,150.14505,2645.751905,checked
United States,302,United States,7,DOD,DOD,Department of Defense,399.03252,NA,checked
NA,302,United States,9,INT,INTERIOR,Department of the Interior,185.0477,NA,non-iati
United States,302,United States,10,PEACE,PEACE,Peace Corps,407.96018,NA,checked
United States,302,United States,11,STATE,STATE,State Department,5276.64347,1043.21046,checked
NA,302,United States,12,TDA,TDA,Trade and Development Agency,39.40671,NA,non-iati
United States,302,United States,13,ADF,ADF,African Development Foundation,25.85213,NA,checked
United States,302,United States,14,HHS,HHS,Department of Health and Human Services,3362.75481,NA,checked
NA,302,United States,15,JUSTICE,JUSTICE,Department of Justice,4.65336,NA,non-iati
NA,302,United States,16,COMMERCE,COMMERCE,Department of Commerce,13.48978,NA,non-iati
NA,302,United States,17,LABOR,LABOR,Department of Labor,67.05426,NA,non-iati
United States,302,United States,18,MCC,MCC,Millennium Challenge Corporation,885.33322,NA,checked
NA,302,United States,19,DHS,DHS,Department of Homeland Security,1.75948,NA,non-iati
NA,302,United States,20,DOE,DOE,Department of Energy,60.96769,NA,non-iati
United States,302,United States,21,IADF,IADF,Inter-American Development Foundation,27.09632,NA,checked
NA,302,United States,22,OPIC,OPIC,Overseas Private Investment Corporation,251.34201,NA,non-iati
NA,302,United States,23,FTC,FTC,Federal Trade Commission,0.16886,NA,non-iati
NA,302,United States,26,DOT,DOT,Department of Transportation,0.16421,NA,non-iati
NA,302,United States,31,EXIM,EXIM,Export Import Bank,0.98265,NA,non-iati
NA,302,United States,32,EPA,EPA,Environmental Protection Agency,9.307,NA,non-iati
NA,302,United States,99,MISC,MISC,Miscellaneous,NULL,NA,non-iati
NA,964,UNRWA,1,UNRWA,NULL,NULL,680.10063,NA,non-iati
NA,966,WFP,1,WFP,NULL,NULL,308.81258,NA,non-iati
NA,928,World Health Organisation [WHO],1,WHO,NULL,NULL,471.3630034,NA,non-iati